Application_ID,Student_ID,Job_ID,Application_Date,Application_Status
1,42,15,12-01-2023,Submitted
2,7,88,14-01-2023,Shortlisted
3,19,34,15-01-2023,Submitted
4,63,5,16-01-2023,Rejected
5,28,77,18-01-2023,Submitted
6,91,12,20-01-2023,Submitted
7,54,101,22-01-2023,Interview Scheduled
8,33,45,23-01-2023,Submitted
9,2,9,25-01-2023,Submitted
10,87,56,26-01-2023,Shortlisted
11,15,72,28-01-2023,Submitted
12,60,18,30-01-2023,Submitted
13,49,33,01-02-2023,Rejected
14,11,90,02-02-2023,Submitted
15,76,27,03-02-2023,Submitted
16,5,14,05-02-2023,Shortlisted
17,39,63,06-02-2023,Submitted
18,24,7,07-02-2023,Submitted
19,52,81,08-02-2023,Submitted
20,8,49,10-02-2023,Interview Scheduled
21,34,3,11-02-2023,Submitted
22,96,58,12-02-2023,Submitted
23,13,24,13-02-2023,Shortlisted
24,71,99,15-02-2023,Submitted
25,1,6,16-02-2023,Submitted
26,46,70,17-02-2023,Rejected
27,58,41,18-02-2023,Submitted
28,17,84,20-02-2023,Submitted
29,93,10,21-02-2023,Shortlisted
30,30,52,22-02-2023,Submitted
31,66,38,23-02-2023,Submitted
32,21,19,25-02-2023,Submitted
33,10,73,26-02-2023,Interview Scheduled
34,85,4,27-02-2023,Submitted
35,48,62,28-02-2023,Submitted
36,32,25,01-03-2023,Shortlisted
37,98,97,02-03-2023,Submitted
38,14,2,03-03-2023,Submitted
39,50,43,04-03-2023,Rejected
40,3,86,05-03-2023,Submitted
41,69,21,06-03-2023,Submitted
42,22,60,07-03-2023,Shortlisted
43,9,36,08-03-2023,Submitted
44,80,8,09-03-2023,Submitted
45,41,57,10-03-2023,Submitted
46,6,110,11-03-2023,Interview Scheduled
47,56,32,12-03-2023,Submitted
48,18,75,13-03-2023,Submitted
49,73,16,14-03-2023,Shortlisted
50,27,50,15-03-2023,Submitted
51,40,95,16-03-2023,Submitted
52,4,29,17-03-2023,Rejected
53,92,12,18-03-2023,Submitted
54,36,48,19-03-2023,Submitted
55,16,67,20-03-2023,Submitted
56,62,22,21-03-2023,Shortlisted
57,20,91,22-03-2023,Submitted
58,78,13,23-03-2023,Submitted
59,12,44,24-03-2023,Submitted
60,97,79,25-03-2023,Interview Scheduled
61,26,1,26-03-2023,Submitted
62,45,59,27-03-2023,Submitted
63,29,28,28-03-2023,Shortlisted
64,59,76,29-03-2023,Submitted
65,23,11,30-03-2023,Submitted
66,95,68,31-03-2023,Rejected
67,38,20,01-04-2023,Submitted
68,47,100,02-04-2023,Submitted
69,31,35,03-04-2023,Shortlisted
70,7,4,04-04-2023,Submitted
71,84,66,05-04-2023,Submitted
72,25,17,06-04-2023,Submitted
73,74,92,07-04-2023,Interview Scheduled
74,19,54,08-04-2023,Submitted
75,51,23,09-04-2023,Submitted
76,64,40,10-04-2023,Shortlisted
77,2,89,11-04-2023,Submitted
78,55,31,12-04-2023,Submitted
79,14,78,13-04-2023,Submitted
80,83,6,14-04-2023,Rejected
81,11,47,15-04-2023,Submitted
82,52,26,16-04-2023,Submitted
83,33,65,17-04-2023,Shortlisted
84,68,14,18-04-2023,Submitted
85,5,53,19-04-2023,Submitted
86,88,30,20-04-2023,Submitted
87,43,82,21-04-2023,Interview Scheduled
88,9,5,22-04-2023,Submitted
89,61,46,23-04-2023,Submitted
90,28,74,24-04-2023,Shortlisted
91,49,9,25-04-2023,Submitted
92,3,58,26-04-2023,Submitted
93,72,37,27-04-2023,Rejected
94,57,83,28-04-2023,Submitted
95,13,18,29-04-2023,Submitted
96,86,69,30-04-2023,Submitted
97,34,7,01-05-2023,Shortlisted
98,1,52,02-05-2023,Submitted
99,70,41,03-05-2023,Submitted
100,44,10,04-05-2023,Interview Scheduled
101,82,63,05-05-2023,Submitted
102,6,19,06-05-2023,Submitted
103,37,88,07-05-2023,Shortlisted
104,21,33,08-05-2023,Submitted
105,48,4,09-05-2023,Submitted
106,10,57,10-05-2023,Rejected
107,90,22,11-05-2023,Submitted
108,53,71,12-05-2023,Submitted
109,18,11,13-05-2023,Submitted
110,65,49,14-05-2023,Shortlisted
111,30,96,15-05-2023,Submitted
112,77,15,16-05-2023,Submitted
113,24,60,17-05-2023,Submitted
114,41,32,18-05-2023,Interview Scheduled
115,8,83,19-05-2023,Submitted
116,56,25,20-05-2023,Submitted
117,29,68,21-05-2023,Shortlisted
118,73,14,22-05-2023,Submitted
119,4,36,23-05-2023,Submitted
120,99,77,24-05-2023,Submitted
121,12,3,25-05-2023,Rejected
122,58,52,26-05-2023,Submitted
123,17,20,27-05-2023,Submitted
124,46,89,28-05-2023,Shortlisted
125,63,44,29-05-2023,Submitted
126,22,16,30-05-2023,Submitted
127,95,71,31-05-2023,Submitted
128,39,6,01-06-2023,Interview Scheduled
129,14,27,02-06-2023,Submitted
130,52,58,03-06-2023,Submitted
131,33,12,04-06-2023,Shortlisted
132,7,73,05-06-2023,Submitted
133,81,19,06-06-2023,Submitted
134,20,48,07-06-2023,Submitted
135,68,25,08-06-2023,Rejected
136,11,62,09-06-2023,Submitted
137,44,34,10-06-2023,Submitted
138,3,91,11-06-2023,Shortlisted
139,59,15,12-06-2023,Submitted
140,26,38,13-06-2023,Submitted
141,85,7,14-06-2023,Submitted
142,50,53,15-06-2023,Interview Scheduled
143,9,29,16-06-2023,Submitted
144,72,66,17-06-2023,Submitted
145,18,10,18-06-2023,Shortlisted
146,41,82,19-06-2023,Submitted
147,64,4,20-06-2023,Submitted
148,1,57,21-06-2023,Rejected
149,37,23,22-06-2023,Submitted
150,93,72,23-06-2023,Submitted
151,14,51,24-06-2023,Submitted
152,56,33,25-06-2023,Shortlisted
153,28,14,26-06-2023,Submitted
154,47,63,27-06-2023,Submitted
155,32,8,28-06-2023,Submitted
156,75,46,29-06-2023,Interview Scheduled
157,6,30,30-06-2023,Submitted
158,89,17,01-07-2023,Submitted
159,24,59,02-07-2023,Shortlisted
160,53,11,03-07-2023,Submitted
161,12,41,04-07-2023,Submitted
162,66,78,05-07-2023,Submitted
163,38,5,06-07-2023,Rejected
164,19,36,07-07-2023,Submitted
165,44,92,08-07-2023,Submitted
166,8,13,09-07-2023,Shortlisted
167,57,70,10-07-2023,Submitted
168,21,24,11-07-2023,Submitted
169,73,87,12-07-2023,Submitted
170,4,9,13-07-2023,Interview Scheduled
171,95,52,14-07-2023,Submitted
172,33,18,15-07-2023,Submitted
173,14,64,16-07-2023,Shortlisted
174,62,31,17-07-2023,Submitted
175,48,75,18-07-2023,Submitted
176,29,22,19-07-2023,Submitted
177,87,43,20-07-2023,Rejected
178,10,68,21-07-2023,Submitted
179,52,14,22-07-2023,Submitted
180,36,95,23-07-2023,Shortlisted
181,1,33,24-07-2023,Submitted
182,68,7,25-07-2023,Submitted
183,23,56,26-07-2023,Submitted
184,40,29,27-07-2023,Interview Scheduled
185,11,48,28-07-2023,Submitted
186,72,20,29-07-2023,Submitted
187,5,61,30-07-2023,Shortlisted
188,34,12,31-07-2023,Submitted
189,59,44,01-08-2023,Submitted
190,17,6,02-08-2023,Submitted
191,93,83,03-08-2023,Rejected
192,27,15,04-08-2023,Submitted
193,46,72,05-08-2023,Submitted
194,14,19,06-08-2023,Shortlisted
195,82,53,07-08-2023,Submitted
196,33,11,08-08-2023,Submitted
197,6,38,09-08-2023,Submitted
198,50,27,10-08-2023,Interview Scheduled
199,9,14,11-08-2023,Submitted
200,71,69,12-08-2023,Submitted
201,28,4,13-08-2023,Shortlisted
202,64,16,14-08-2023,Submitted
203,12,50,15-08-2023,Submitted
204,57,33,16-08-2023,Submitted
205,18,78,17-08-2023,Rejected
206,45,22,18-08-2023,Submitted
207,39,61,19-08-2023,Submitted
208,73,10,20-08-2023,Shortlisted
209,24,82,21-08-2023,Submitted
210,52,6,22-08-2023,Submitted
211,33,43,23-08-2023,Submitted
212,7,95,24-08-2023,Interview Scheduled
213,41,12,25-08-2023,Submitted
214,60,48,26-08-2023,Submitted
215,14,31,27-08-2023,Shortlisted
216,88,17,28-08-2023,Submitted
217,3,59,29-08-2023,Submitted
218,96,24,30-08-2023,Rejected
219,22,73,31-08-2023,Submitted
220,49,14,01-09-2023,Submitted
221,10,63,02-09-2023,Submitted
222,68,7,03-09-2023,Shortlisted
223,37,52,04-09-2023,Submitted
224,11,18,05-09-2023,Submitted
225,75,44,06-09-2023,Submitted
226,4,36,07-09-2023,Interview Scheduled
227,93,15,08-09-2023,Submitted
228,29,72,09-09-2023,Submitted
229,52,19,10-09-2023,Shortlisted
230,14,53,11-09-2023,Submitted
231,66,11,12-09-2023,Submitted
232,33,38,13-09-2023,Submitted
233,7,27,14-09-2023,Rejected
234,81,10,15-09-2023,Submitted
235,20,68,16-09-2023,Submitted
236,68,14,17-09-2023,Shortlisted
237,11,95,18-09-2023,Submitted
238,56,33,19-09-2023,Submitted
239,29,22,20-09-2023,Submitted
240,75,43,21-09-2023,Interview Scheduled
241,6,12,22-09-2023,Submitted
242,89,48,23-09-2023,Submitted
243,24,31,24-09-2023,Shortlisted
244,53,17,25-09-2023,Submitted
245,12,59,26-09-2023,Submitted
246,66,24,27-09-2023,Rejected
247,38,73,28-09-2023,Submitted
248,19,14,29-09-2023,Submitted
249,44,63,30-09-2023,Shortlisted
250,8,11,01-10-2023,Submitted
251,57,38,02-10-2023,Submitted
252,21,27,03-10-2023,Submitted
253,73,10,04-10-2023,Interview Scheduled
254,4,52,05-10-2023,Submitted
255,95,14,06-10-2023,Submitted
256,33,63,07-10-2023,Shortlisted
257,14,19,08-10-2023,Submitted
258,62,41,09-10-2023,Submitted
259,48,75,10-10-2023,Submitted
260,29,22,11-10-2023,Submitted
261,87,43,12-10-2023,Rejected
262,10,68,13-10-2023,Submitted
263,52,14,14-10-2023,Submitted
264,36,95,15-10-2023,Shortlisted
265,1,33,16-10-2023,Submitted
266,68,7,17-10-2023,Submitted
267,23,56,18-10-2023,Submitted
268,40,29,19-10-2023,Interview Scheduled
269,11,48,20-10-2023,Submitted
270,72,20,21-10-2023,Submitted
271,5,61,22-10-2023,Shortlisted
272,34,12,23-10-2023,Submitted
273,59,44,24-10-2023,Submitted
274,17,6,25-10-2023,Submitted
275,93,83,26-10-2023,Rejected
276,27,15,27-10-2023,Submitted
277,46,72,28-10-2023,Submitted
278,14,19,29-10-2023,Shortlisted
279,82,53,30-10-2023,Submitted
280,33,11,31-10-2023,Submitted
281,6,38,01-11-2023,Submitted
282,50,27,02-11-2023,Interview Scheduled
283,9,14,03-11-2023,Submitted
284,71,69,04-11-2023,Submitted
285,28,4,05-11-2023,Shortlisted
286,64,16,06-11-2023,Submitted
287,12,50,07-11-2023,Submitted
288,57,33,08-11-2023,Submitted
289,18,78,09-11-2023,Rejected
290,45,22,10-11-2023,Submitted
291,39,61,11-11-2023,Submitted
292,73,10,12-11-2023,Shortlisted
293,24,82,13-11-2023,Submitted
294,52,6,14-11-2023,Submitted
295,33,43,15-11-2023,Submitted
296,7,95,16-11-2023,Interview Scheduled
297,41,12,17-11-2023,Submitted
298,60,48,18-11-2023,Submitted
299,14,31,19-11-2023,Shortlisted
300,88,17,20-11-2023,Submitted
301,3,59,21-11-2023,Submitted
302,96,24,22-11-2023,Rejected
303,22,73,23-11-2023,Submitted
304,49,14,24-11-2023,Submitted
305,10,63,25-11-2023,Submitted
306,68,7,26-11-2023,Shortlisted
307,37,52,27-11-2023,Submitted
308,11,18,28-11-2023,Submitted
309,75,44,29-11-2023,Submitted
310,4,36,30-11-2023,Interview Scheduled
311,93,15,01-12-2023,Submitted
312,29,72,02-12-2023,Submitted
313,52,19,03-12-2023,Shortlisted
314,14,53,04-12-2023,Submitted
315,66,11,05-12-2023,Submitted
316,33,38,06-12-2023,Submitted
317,7,27,07-12-2023,Rejected
318,81,10,08-12-2023,Submitted
319,20,68,09-12-2023,Submitted
320,68,14,10-12-2023,Shortlisted
321,11,95,11-12-2023,Submitted
322,56,33,12-12-2023,Submitted
323,29,22,13-12-2023,Submitted
324,75,43,14-12-2023,Interview Scheduled
325,6,12,15-12-2023,Submitted
326,89,48,16-12-2023,Submitted
327,24,31,17-12-2023,Shortlisted
328,53,17,18-12-2023,Submitted
329,12,59,19-12-2023,Submitted
330,66,24,20-12-2023,Rejected
331,38,73,21-12-2023,Submitted
332,19,14,22-12-2023,Submitted
333,44,63,23-12-2023,Shortlisted
334,8,11,24-12-2023,Submitted
335,57,38,25-12-2023,Submitted
336,21,27,26-12-2023,Submitted
337,73,10,27-12-2023,Interview Scheduled
338,4,52,28-12-2023,Submitted
339,95,14,29-12-2023,Submitted
340,33,63,30-12-2023,Shortlisted
341,14,19,31-12-2023,Submitted
342,62,41,01-01-2024,Submitted
343,48,75,02-01-2024,Submitted
344,29,22,03-01-2024,Submitted
345,87,43,04-01-2024,Rejected
346,10,68,05-01-2024,Submitted
347,52,14,06-01-2024,Submitted
348,36,95,07-01-2024,Shortlisted
349,1,33,08-01-2024,Submitted
350,68,7,09-01-2024,Submitted
351,23,56,10-01-2024,Submitted
352,40,29,11-01-2024,Interview Scheduled
353,11,48,12-01-2024,Submitted
354,72,20,13-01-2024,Submitted
355,5,61,14-01-2024,Shortlisted
356,34,12,15-01-2024,Submitted
357,59,44,16-01-2024,Submitted
358,17,6,17-01-2024,Submitted
359,93,83,18-01-2024,Rejected
360,27,15,19-01-2024,Submitted
361,46,72,20-01-2024,Submitted
362,14,19,21-01-2024,Shortlisted
363,82,53,22-01-2024,Submitted
364,33,11,23-01-2024,Submitted
365,6,38,24-01-2024,Submitted
366,50,27,25-01-2024,Interview Scheduled
367,9,14,26-01-2024,Submitted
368,71,69,27-01-2024,Submitted
369,28,4,28-01-2024,Shortlisted
370,64,16,29-01-2024,Submitted
371,12,50,30-01-2024,Submitted
372,57,33,31-01-2024,Submitted
373,18,78,01-02-2024,Rejected
374,45,22,02-02-2024,Submitted
375,39,61,03-02-2024,Submitted
376,73,10,04-02-2024,Shortlisted
377,24,82,05-02-2024,Submitted
378,52,6,06-02-2024,Submitted
379,33,43,07-02-2024,Submitted
380,7,95,08-02-2024,Interview Scheduled
381,41,12,09-02-2024,Submitted
382,60,48,10-02-2024,Submitted
383,14,31,11-02-2024,Shortlisted
384,88,17,12-02-2024,Submitted
385,3,59,13-02-2024,Submitted
386,96,24,14-02-2024,Rejected
387,22,73,15-02-2024,Submitted
388,49,14,16-02-2024,Submitted
389,10,63,17-02-2024,Submitted
390,68,7,18-02-2024,Shortlisted
391,37,52,19-02-2024,Submitted
392,11,18,20-02-2024,Submitted
393,75,44,21-02-2024,Submitted
394,4,36,22-02-2024,Interview Scheduled
395,93,15,23-02-2024,Submitted
396,29,72,24-02-2024,Submitted
397,52,19,25-02-2024,Shortlisted
398,14,53,26-02-2024,Submitted
399,66,11,27-02-2024,Submitted
400,33,38,28-02-2024,Submitted
401,7,27,29-02-2024,Rejected
402,81,10,01-03-2024,Submitted
403,20,68,02-03-2024,Submitted
404,68,14,03-03-2024,Shortlisted
405,11,95,04-03-2024,Submitted
406,56,33,05-03-2024,Submitted
407,29,22,06-03-2024,Submitted
408,75,43,07-03-2024,Interview Scheduled
409,6,12,08-03-2024,Submitted
410,89,48,09-03-2024,Submitted
411,24,31,10-03-2024,Shortlisted
412,53,17,11-03-2024,Submitted
413,12,59,12-03-2024,Submitted
414,66,24,13-03-2024,Rejected
415,38,73,14-03-2024,Submitted
416,19,14,15-03-2024,Submitted
417,44,63,16-03-2024,Shortlisted
418,8,11,17-03-2024,Submitted
419,57,38,18-03-2024,Submitted
420,21,27,19-03-2024,Submitted
421,73,10,20-03-2024,Interview Scheduled
422,4,52,21-03-2024,Submitted
423,95,14,22-03-2024,Submitted
424,33,63,23-03-2024,Shortlisted
425,14,19,24-03-2024,Submitted
426,62,41,25-03-2024,Submitted
427,48,75,26-03-2024,Submitted
428,29,22,27-03-2024,Submitted
429,87,43,28-03-2024,Rejected
430,10,68,29-03-2024,Submitted
431,52,14,30-03-2024,Submitted
432,36,95,31-03-2024,Shortlisted
433,1,33,01-04-2024,Submitted
434,68,7,02-04-2024,Submitted
435,23,56,03-04-2024,Submitted
436,40,29,04-04-2024,Interview Scheduled
437,11,48,05-04-2024,Submitted
438,72,20,06-04-2024,Submitted
439,5,61,07-04-2024,Shortlisted
440,34,12,08-04-2024,Submitted
441,59,44,09-04-2024,Submitted
442,17,6,10-04-2024,Submitted
443,93,83,11-04-2024,Rejected
444,27,15,12-04-2024,Submitted
445,46,72,13-04-2024,Submitted
446,14,19,14-04-2024,Shortlisted
447,82,53,15-04-2024,Submitted
448,33,11,16-04-2024,Submitted
449,6,38,17-04-2024,Submitted
450,50,27,18-04-2024,Interview Scheduled
451,9,14,19-04-2024,Submitted
452,71,69,20-04-2024,Submitted
453,28,4,21-04-2024,Shortlisted
454,64,16,22-04-2024,Submitted
455,12,50,23-04-2024,Submitted
456,57,33,24-04-2024,Submitted
457,18,78,25-04-2024,Rejected
458,45,22,26-04-2024,Submitted
459,39,61,27-04-2024,Submitted
460,73,10,28-04-2024,Shortlisted
461,24,82,29-04-2024,Submitted
462,52,6,30-04-2024,Submitted
463,33,43,01-05-2024,Submitted
464,7,95,02-05-2024,Interview Scheduled
465,41,12,03-05-2024,Submitted
466,60,48,04-05-2024,Submitted
467,14,31,05-05-2024,Shortlisted
468,88,17,06-05-2024,Submitted
469,3,59,07-05-2024,Submitted
470,96,24,08-05-2024,Rejected
471,22,73,09-05-2024,Submitted
472,49,14,10-05-2024,Submitted
473,10,63,11-05-2024,Submitted
474,68,7,12-05-2024,Shortlisted
475,37,52,13-05-2024,Submitted
476,11,18,14-05-2024,Submitted
477,75,44,15-05-2024,Submitted
478,4,36,16-05-2024,Interview Scheduled
479,93,15,17-05-2024,Submitted
480,29,72,18-05-2024,Submitted
481,52,19,19-05-2024,Shortlisted
482,14,53,20-05-2024,Submitted
483,66,11,21-05-2024,Submitted
484,33,38,22-05-2024,Submitted
485,7,27,23-05-2024,Rejected
486,81,10,24-05-2024,Submitted
487,20,68,25-05-2024,Submitted
488,68,14,26-05-2024,Shortlisted
489,11,95,27-05-2024,Submitted
490,56,33,28-05-2024,Submitted
491,29,22,29-05-2024,Submitted
492,75,43,30-05-2024,Interview Scheduled
493,6,12,31-05-2024,Submitted
494,89,48,01-06-2024,Submitted
495,24,31,02-06-2024,Shortlisted
496,53,17,03-06-2024,Submitted
497,12,59,04-06-2024,Submitted
498,66,24,05-06-2024,Rejected
499,38,73,06-06-2024,Submitted
500,19,14,07-06-2024,Submitted
501,44,63,08-06-2024,Shortlisted
502,8,11,09-06-2024,Submitted
503,57,38,10-06-2024,Submitted
504,21,27,11-06-2024,Submitted
505,73,10,12-06-2024,Interview Scheduled
506,4,52,13-06-2024,Submitted
507,95,14,14-06-2024,Submitted
508,33,63,15-06-2024,Shortlisted
509,14,19,16-06-2024,Submitted
510,62,41,17-06-2024,Submitted
511,48,75,18-06-2024,Submitted
512,29,22,19-06-2024,Submitted
513,87,43,20-06-2024,Rejected
514,10,68,21-06-2024,Submitted
515,52,14,22-06-2024,Submitted
516,36,95,23-06-2024,Shortlisted
517,1,33,24-06-2024,Submitted
518,68,7,25-06-2024,Submitted
519,23,56,26-06-2024,Submitted
520,40,29,27-06-2024,Interview Scheduled
521,11,48,28-06-2024,Submitted
522,72,20,29-06-2024,Submitted
523,5,61,30-06-2024,Shortlisted
524,34,12,01-07-2024,Submitted
525,59,44,02-07-2024,Submitted
526,17,6,03-07-2024,Submitted
527,93,83,04-07-2024,Rejected
528,27,15,05-07-2024,Submitted
529,46,72,06-07-2024,Submitted
530,14,19,07-07-2024,Shortlisted
531,82,53,08-07-2024,Submitted
532,33,11,09-07-2024,Submitted
533,6,38,10-07-2024,Submitted
534,50,27,11-07-2024,Interview Scheduled
535,9,14,12-07-2024,Submitted
536,71,69,13-07-2024,Submitted
537,28,4,14-07-2024,Shortlisted
538,64,16,15-07-2024,Submitted
539,12,50,16-07-2024,Submitted
540,57,33,17-07-2024,Submitted
541,18,78,18-07-2024,Rejected
542,45,22,19-07-2024,Submitted
543,39,61,20-07-2024,Submitted
544,73,10,21-07-2024,Shortlisted
545,24,82,22-07-2024,Submitted
546,52,6,23-07-2024,Submitted
547,33,43,24-07-2024,Submitted
548,7,95,25-07-2024,Interview Scheduled
549,41,12,26-07-2024,Submitted
550,60,48,27-07-2024,Submitted
551,14,31,28-07-2024,Shortlisted
552,88,17,29-07-2024,Submitted
553,3,59,30-07-2024,Submitted
554,96,24,31-07-2024,Rejected
555,22,73,01-08-2024,Submitted
556,49,14,02-08-2024,Submitted
557,10,63,03-08-2024,Submitted
558,68,7,04-08-2024,Shortlisted
559,37,52,05-08-2024,Submitted
560,11,18,06-08-2024,Submitted
561,75,44,07-08-2024,Submitted
562,4,36,08-08-2024,Interview Scheduled
563,93,15,09-08-2024,Submitted
564,29,72,10-08-2024,Submitted
565,52,19,11-08-2024,Shortlisted
566,14,53,12-08-2024,Submitted
567,66,11,13-08-2024,Submitted
568,33,38,14-08-2024,Submitted
569,7,27,15-08-2024,Rejected
570,81,10,16-08-2024,Submitted
571,20,68,17-08-2024,Submitted
572,68,14,18-08-2024,Shortlisted
573,11,95,19-08-2024,Submitted
574,56,33,20-08-2024,Submitted
575,29,22,21-08-2024,Submitted
576,75,43,22-08-2024,Interview Scheduled
577,6,12,23-08-2024,Submitted
578,89,48,24-08-2024,Submitted
579,24,31,25-08-2024,Shortlisted
580,53,17,26-08-2024,Submitted
581,12,59,27-08-2024,Submitted
582,66,24,28-08-2024,Rejected
583,38,73,29-08-2024,Submitted
584,19,14,30-08-2024,Submitted
585,44,63,31-08-2024,Shortlisted
586,8,11,01-09-2024,Submitted
587,57,38,02-09-2024,Submitted
588,21,27,03-09-2024,Submitted
589,73,10,04-09-2024,Interview Scheduled
590,4,52,05-09-2024,Submitted
591,95,14,06-09-2024,Submitted
592,33,63,07-09-2024,Shortlisted
593,14,19,08-09-2024,Submitted
594,62,41,09-09-2024,Submitted
595,48,75,10-09-2024,Submitted
596,29,22,11-09-2024,Submitted
597,87,43,12-09-2024,Rejected
598,10,68,13-09-2024,Submitted
599,52,14,14-09-2024,Submitted
600,36,95,15-09-2024,Shortlisted
601,1,33,16-09-2024,Submitted
602,68,7,17-09-2024,Submitted
603,23,56,18-09-2024,Submitted
604,40,29,19-09-2024,Interview Scheduled
605,11,48,20-09-2024,Submitted
606,72,20,21-09-2024,Submitted
607,5,61,22-09-2024,Shortlisted
608,34,12,23-09-2024,Submitted
609,59,44,24-09-2024,Submitted
610,17,6,25-09-2024,Submitted
611,93,83,26-09-2024,Rejected
612,27,15,27-09-2024,Submitted
613,46,72,28-09-2024,Submitted
614,14,19,29-09-2024,Shortlisted
615,82,53,30-09-2024,Submitted
616,33,11,01-10-2024,Submitted
617,6,38,02-10-2024,Submitted
618,50,27,03-10-2024,Interview Scheduled
619,9,14,04-10-2024,Submitted
620,71,69,05-10-2024,Submitted
621,28,4,06-10-2024,Shortlisted
622,64,16,07-10-2024,Submitted
623,12,50,08-10-2024,Submitted
624,57,33,09-10-2024,Submitted
625,18,78,10-10-2024,Rejected
626,45,22,11-10-2024,Submitted
627,39,61,12-10-2024,Submitted
628,73,10,13-10-2024,Shortlisted
629,24,82,14-10-2024,Submitted
630,52,6,15-10-2024,Submitted
631,33,43,16-10-2024,Submitted
632,7,95,17-10-2024,Interview Scheduled
633,41,12,18-10-2024,Submitted
634,60,48,19-10-2024,Submitted
635,14,31,20-10-2024,Shortlisted
636,88,17,21-10-2024,Submitted
637,3,59,22-10-2024,Submitted
638,96,24,23-10-2024,Rejected
639,22,73,24-10-2024,Submitted
640,49,14,25-10-2024,Submitted
641,10,63,26-10-2024,Submitted
642,68,7,27-10-2024,Shortlisted
643,37,52,28-10-2024,Submitted
644,11,18,29-10-2024,Submitted
645,75,44,30-10-2024,Submitted
646,4,36,31-10-2024,Interview Scheduled
647,93,15,01-11-2024,Submitted
648,29,72,02-11-2024,Submitted
649,52,19,03-11-2024,Shortlisted
650,14,53,04-11-2024,Submitted
651,66,11,05-11-2024,Submitted
652,33,38,06-11-2024,Submitted
653,7,27,07-11-2024,Rejected
654,81,10,08-11-2024,Submitted
655,20,68,09-11-2024,Submitted
656,68,14,10-11-2024,Shortlisted
657,11,95,11-11-2024,Submitted
658,56,33,12-11-2024,Submitted
659,29,22,13-11-2024,Submitted
660,75,43,14-11-2024,Interview Scheduled
661,6,12,15-11-2024,Submitted
662,89,48,16-11-2024,Submitted
663,24,31,17-11-2024,Shortlisted
664,53,17,18-11-2024,Submitted
665,12,59,19-11-2024,Submitted
666,66,24,20-11-2024,Rejected
667,38,73,21-11-2024,Submitted
668,19,14,22-11-2024,Submitted
669,44,63,23-11-2024,Shortlisted
670,8,11,24-11-2024,Submitted
671,57,38,25-11-2024,Submitted
672,21,27,26-11-2024,Submitted
673,73,10,27-11-2024,Interview Scheduled
674,4,52,28-11-2024,Submitted
675,95,14,29-11-2024,Submitted
676,33,63,30-11-2024,Shortlisted
677,14,19,01-12-2024,Submitted
678,62,41,02-12-2024,Submitted
679,48,75,03-12-2024,Submitted
680,29,22,04-12-2024,Submitted
681,87,43,05-12-2024,Rejected
682,10,68,06-12-2024,Submitted
683,52,14,07-12-2024,Submitted
684,36,95,08-12-2024,Shortlisted
685,1,33,09-12-2024,Submitted
686,68,7,10-12-2024,Submitted
687,23,56,11-12-2024,Submitted
688,40,29,12-12-2024,Interview Scheduled
689,11,48,13-12-2024,Submitted
690,72,20,14-12-2024,Submitted
691,5,61,15-12-2024,Shortlisted
692,34,12,16-12-2024,Submitted
693,59,44,17-12-2024,Submitted
694,17,6,18-12-2024,Submitted
695,93,83,19-12-2024,Rejected
696,27,15,20-12-2024,Submitted
697,46,72,21-12-2024,Submitted
698,14,19,22-12-2024,Shortlisted
699,82,53,23-12-2024,Submitted
700,33,11,24-12-2024,Submitted
701,6,38,25-12-2024,Submitted
702,50,27,26-12-2024,Interview Scheduled
703,9,14,27-12-2024,Submitted
704,71,69,28-12-2024,Submitted
705,28,4,29-12-2024,Shortlisted
706,64,16,30-12-2024,Submitted
707,12,50,31-12-2024,Submitted
708,57,33,01-01-2025,Submitted
709,18,78,02-01-2025,Rejected
710,45,22,03-01-2025,Submitted
711,39,61,04-01-2025,Submitted
712,73,10,05-01-2025,Shortlisted
713,24,82,06-01-2025,Submitted
714,52,6,07-01-2025,Submitted
715,33,43,08-01-2025,Submitted
716,7,95,09-01-2025,Interview Scheduled
717,41,12,10-01-2025,Submitted
718,60,48,11-01-2025,Submitted
719,14,31,12-01-2025,Shortlisted
720,88,17,13-01-2025,Submitted
721,3,59,14-01-2025,Submitted
722,96,24,15-01-2025,Rejected
723,22,73,16-01-2025,Submitted
724,49,14,17-01-2025,Submitted
725,10,63,18-01-2025,Submitted
726,68,7,19-01-2025,Shortlisted
727,37,52,20-01-2025,Submitted
728,11,18,21-01-2025,Submitted
729,75,44,22-01-2025,Submitted
730,4,36,23-01-2025,Interview Scheduled
731,93,15,24-01-2025,Submitted
732,29,72,25-01-2025,Submitted
733,52,19,26-01-2025,Shortlisted
734,14,53,27-01-2025,Submitted
735,66,11,28-01-2025,Submitted
736,33,38,29-01-2025,Submitted
737,7,27,30-01-2025,Rejected
738,81,10,31-01-2025,Submitted
739,20,68,01-02-2025,Submitted
740,68,14,02-02-2025,Shortlisted
741,11,95,03-02-2025,Submitted
742,56,33,04-02-2025,Submitted
743,29,22,05-02-2025,Submitted
744,75,43,06-02-2025,Interview Scheduled
745,6,12,07-02-2025,Submitted
746,89,48,08-02-2025,Submitted
747,24,31,09-02-2025,Shortlisted
748,53,17,10-02-2025,Submitted
749,12,59,11-02-2025,Submitted
750,66,24,12-02-2025,Rejected
751,38,73,13-02-2025,Submitted
752,19,14,14-02-2025,Submitted
753,44,63,15-02-2025,Shortlisted
754,8,11,16-02-2025,Submitted
755,57,38,17-02-2025,Submitted
756,21,27,18-02-2025,Submitted
757,73,10,19-02-2025,Interview Scheduled
758,4,52,20-02-2025,Submitted
759,95,14,21-02-2025,Submitted
760,33,63,22-02-2025,Shortlisted
761,14,19,23-02-2025,Submitted
762,62,41,24-02-2025,Submitted
763,48,75,25-02-2025,Submitted
764,29,22,26-02-2025,Submitted
765,87,43,27-02-2025,Rejected
766,10,68,28-02-2025,Submitted
767,52,14,01-03-2025,Submitted
768,36,95,02-03-2025,Shortlisted
769,1,33,03-03-2025,Submitted
770,68,7,04-03-2025,Submitted
771,23,56,05-03-2025,Submitted
772,40,29,06-03-2025,Interview Scheduled
773,11,48,07-03-2025,Submitted
774,72,20,08-03-2025,Submitted
775,5,61,09-03-2025,Shortlisted
776,34,12,10-03-2025,Submitted
777,59,44,11-03-2025,Submitted
778,17,6,12-03-2025,Submitted
779,93,83,13-03-2025,Rejected
780,27,15,14-03-2025,Submitted
781,46,72,15-03-2025,Submitted
782,14,19,16-03-2025,Shortlisted
783,82,53,17-03-2025,Submitted
784,33,11,18-03-2025,Submitted
785,6,38,19-03-2025,Submitted
786,50,27,20-03-2025,Interview Scheduled
787,9,14,21-03-2025,Submitted
788,71,69,22-03-2025,Submitted
789,28,4,23-03-2025,Shortlisted
790,64,16,24-03-2025,Submitted
791,12,50,25-03-2025,Submitted
792,57,33,26-03-2025,Submitted
793,18,78,27-03-2025,Rejected
794,45,22,28-03-2025,Submitted
795,39,61,29-03-2025,Submitted
796,73,10,30-03-2025,Shortlisted
797,24,82,31-03-2025,Submitted
798,52,6,01-04-2025,Submitted
799,33,43,02-04-2025,Submitted
800,7,95,03-04-2025,Interview Scheduled
,,,,
